template_id,activity_name,subject,skill_area,activity_type,delivery_methods,estimated_minutes,purpose,when_to_use,inputs_needed_from_ai,output_structure,difficulty_controls,example_activity,success_criteria,notes
phonics_read_words,Read words,Phonics,Decoding and grapheme recognition,Read words,Worksheet; Quiz; Interactive activity,5,Build fluency reading words containing a target sound or spelling pattern.,Use after the tutor has introduced or revisited a grapheme and the student needs quick decoding practice.,Target grapheme(s); word difficulty; year group; optional theme/interests.,"A short list of 8–12 words grouped by target sound, with a simple instruction to read aloud or tick when read.",Easy: common CVC/CVCC words. Medium: longer words. Hard: mixed graphemes or less familiar vocabulary.,"Read these ay words aloud: play, tray, day, stay, spray, crayon, holiday, display.",Student reads most words accurately and can correct errors after prompting.,Good quick warm-up or retrieval task.
phonics_spell_picture,Spell words from picture,Phonics,Encoding from visual prompt,Spell words from picture,Worksheet; Interactive activity,5,Support spelling by linking a picture prompt to a word containing the target sound.,Use when the student can recognise the sound but needs encoding practice without full dictation.,Target grapheme(s); pictureable word list; year group.,A set of picture prompts with blank lines for spelling the word.,Easy: single-syllable words. Hard: two-syllable words or mixed target spellings.,Look at the picture of a snail. Write the word: ______. Look at the picture of a tray. Write the word: ______.,Student spells target words with the correct grapheme in most cases.,Images may need to be represented by emojis/labels until real image generation exists.
phonics_spell_dictation,Spell the word from dictation,Phonics,Encoding from hearing,Spell the word from dictation,Tutor-led; Parent-led; Audio; Worksheet,5,Practise hearing a word and selecting the correct spelling pattern.,Use when the student can read words but needs spelling fluency and auditory discrimination.,Target grapheme(s); word list; include sentence or word-only dictation.,"List of words/sentences for audio to read, plus writing spaces for student.",Easy: word-only. Medium: short phrases. Hard: full sentences with mixed graphemes.,Adult says: “play”. Student writes: ______. Adult says: “The rain fell today.” Student writes the full sentence.,Student uses the target grapheme accurately and forms a readable spelling.,Useful future voice/audio feature candidate.
phonics_sound_cards,Spell the word using sound cards,Phonics,Segmenting and blending,Spell the word using sound cards,Interactive activity; Physical cards; Tutor-led,7,Help the student construct words by selecting and ordering sound cards.,Use for students who benefit from manipulatives or need support segmenting sounds.,Target word list; available sound cards/graphemes; level of scaffolding.,"For each word, provide the sound cards needed and ask the student to build the word.",Easy: provide only needed cards. Hard: include distractor cards.,Build the word “chain” using these cards: ch / ai / n / sh / ay.,Student selects the right sound cards in order and reads the completed word.,This is one of the more distinctive tutor-led activities.
phonics_word_sort,Word sort based on sounds,Phonics,Grapheme discrimination,Word sort based on sounds,Worksheet; Interactive activity; Quiz,7,Help students distinguish between different spellings of the same sound.,Use when the student is confusing related spellings such as ai/ay/a_e or air/are/ear.,Target graphemes; number of categories; word list size; year group.,A sorting task with category headings and 12–18 words to sort.,Easy: two categories. Medium: three categories. Hard: include exception/tricky words.,"Sort these words into ai / ay / a_e: rain, play, cake, train, day, snake, stay, snail, make.",Student sorts at least 80% of words correctly and can explain one choice.,Very useful template for AI generation.
phonics_match_picture,Match word to picture,Phonics,Word recognition and meaning,Match word to picture,Worksheet; Interactive activity,5,Connect decoding with meaning by matching target words to pictures.,Use when the student can decode but needs confidence recognising words quickly.,Target words; pictureable nouns/verbs; year group.,A matching task with words in one column and pictures/descriptions in another.,Easy: obvious nouns. Hard: verbs/adjectives or similar-looking words.,"Match: snail, tray, cake, rain to the correct picture/description.",Student matches words correctly and reads them aloud.,Can use descriptions where images are not available.
phonics_real_fake,Sort real words and fake words,Phonics,Decoding unfamiliar words,Sort real and fake words,Quiz; Worksheet; Interactive activity,5,Build decoding confidence by reading both real and pseudo-words.,Use when preparing for phonics screening-style practice or checking decoding rather than sight memory.,Target grapheme(s); real word count; fake word count; year group.,Two-column sort: real words and alien/fake words.,Easy: simple pseudo-words. Hard: longer pseudo-words with adjacent consonants.,"Sort into real/fake: play, zay, train, vail, cake, splake, day, frain.",Student decodes pseudo-words using phonics rather than guessing.,Good for phonics intervention.
phonics_fill_gap,Fill the gap,Phonics,Spelling in context,Fill the gap,Worksheet; Quiz; Interactive activity,5,Practise choosing or spelling the correct target word in a sentence.,Use after word-level practice to move into sentence context.,Target grapheme(s); target words; sentence difficulty; optional theme.,Sentences with missing target words and a word bank or spelling blank.,Easy: word bank included. Hard: no word bank and mixed graphemes.,The dog likes to ____ in the park. (play / rain / cake),Student chooses/spells the correct word and reads the sentence.,Useful bridge from phonics to writing.
phonics_sentence_completion,Sentence completion,Phonics,Using target words in sentences,Sentence completion,Worksheet; Interactive activity,7,Encourage students to use target spelling words meaningfully in a sentence.,Use when the student can spell words individually and needs sentence-level practice.,Target word list; sentence starters; writing support level.,Sentence starters requiring the student to complete using target words.,Easy: choose from word bank. Hard: write own sentence independently.,Complete: I like to play _____. The rain _____.,Student completes sentences sensibly and spells target words correctly.,Good for combining phonics and writing.
reading_retrieval,Retrieval questions,Reading,Literal comprehension,Retrieval questions,Worksheet; Quiz; Interactive activity,7,Practise finding explicitly stated information in a text.,Use when checking basic understanding before inference or explanation.,Short text; reading age; number of questions; topic/interest.,Text followed by 3–5 literal questions.,Easy: answers in same sentence. Hard: answers spread across paragraph.,Question: Where did Maya put the key? Answer using the text.,Student locates accurate information and answers in full or short responses.,Core comprehension template.
reading_vocab_meaning,Vocabulary – meaning of words,Reading,Vocabulary in context,Vocabulary meaning,Worksheet; Quiz; Interactive activity,7,Develop understanding of unfamiliar words using context clues.,Use when the student struggles with vocabulary or explaining word meaning.,Target words; short text; reading age; options or open response.,Short extract with highlighted words and meaning questions.,Easy: multiple choice. Hard: explain meaning in own words.,"In the sentence, “Tom was exhausted,” what does exhausted mean?",Student identifies or explains meaning accurately using context.,Useful for SATs-style vocabulary practice.
reading_vocab_synonym,Vocabulary – synonym of words,Reading,Vocabulary precision,Vocabulary synonym,Quiz; Worksheet,5,Build vocabulary range by matching words to close synonyms.,Use when student needs richer vocabulary or test-style vocabulary practice.,Target vocabulary; difficulty level; multiple choice or matching format.,A set of target words with synonym options or matching pairs.,Easy: common words. Hard: tier 2 vocabulary and close distractors.,Choose the best synonym for astonished: tired / surprised / angry / bored.,Student chooses appropriate synonyms and can use one in a sentence.,Good quick activity for 5-minute slots.
reading_inference,Inference questions,Reading,Inference and evidence,Inference questions,Worksheet; Quiz; Interactive activity,10,Practise reading between the lines and using evidence from the text.,Use when the student can retrieve facts but needs support explaining what the text suggests.,Short text; inference focus; reading age; scaffold level.,Short paragraph followed by an inference question and evidence prompt.,Easy: obvious clues. Hard: subtle character feelings/motives.,How do you know Sam felt nervous? Use one clue from the text.,Student makes a plausible inference and supports it with evidence.,One of the most important reading templates.
reading_sequencing,Sequencing,Reading,Ordering events,Sequencing,Worksheet; Interactive activity,7,Practise ordering events and understanding chronology.,Use when student struggles to retell or follow events in order.,Short text; number of events; year group.,Text plus mixed-up event statements to number in order.,Easy: 3 events. Hard: 5–6 events with similar details.,Number these events 1–4: The egg cracked; The bird flew; The nest was built; The chick hatched.,Student orders events accurately and explains first/next/final.,Good for younger readers.
reading_prediction,Prediction,Reading,Prediction from evidence,Prediction,Worksheet; Discussion; Interactive activity,7,Practise making sensible predictions based on clues.,Use before or during a story/text to develop active reading.,Short text opening; genre; reading age; prediction scaffold.,Short extract followed by prediction and evidence questions.,Easy: likely next event. Hard: justify with two clues.,What do you think will happen next? Which clue helped you decide?,Student gives a plausible prediction linked to evidence.,Works well with story extracts.
reading_evidence_hunt,Evidence hunt,Reading,Finding evidence,Evidence hunt,Worksheet; Interactive activity,7,Practise locating words or phrases that support an answer.,Use when student gives answers but does not justify them with evidence.,Short text; target question; number of evidence clues.,Prompt requiring student to underline/copy evidence for a claim.,Easy: direct phrase. Hard: several possible clues across the text.,Find and copy one phrase that shows the cave was dangerous.,Student selects relevant evidence rather than unrelated detail.,Pairs well with inference.
tt_fact_recall,Fact recall,Times Tables,Multiplication fluency,Fact recall,Quiz; Interactive activity; Worksheet,5,Build quick recall of target multiplication facts.,Use for fluency practice or retrieval at the start of a session.,Target table(s); known/unknown facts; number of questions; include timer yes/no.,A set of 8–12 multiplication facts.,Easy: one table in order. Medium: one table mixed. Hard: multiple tables mixed.,"Answer: 4×6, 4×7, 4×8, 4×9, 4×12.",Student answers accurately and improves speed over time.,Can later link to interactive game mode.
tt_missing_number,Missing number,Times Tables,Multiplication relationships,Missing number,Quiz; Worksheet; Interactive activity,5,Strengthen understanding of multiplication facts and inverse relationships.,Use when student can recite facts but struggles with flexible recall.,Target table(s); difficulty; include multiplication/division mix.,Missing-number equations using multiplication facts.,Easy: ___ × 4 = 20. Hard: 7 × ___ = 56 mixed with division.,Complete: __ × 6 = 42; 8 × __ = 48; __ × 9 = 72.,Student finds missing factors accurately.,Good transition to division links.
tt_related_facts,Related facts,Times Tables,Derived multiplication facts,Related facts,Worksheet; Tutor-led; Interactive activity,7,Use known facts to derive harder facts.,Use when student knows easier facts but needs strategies for harder ones.,"Target table; known facts; strategy focus such as doubling, halving, 10x minus 1x.",Worked example followed by related practice facts.,"Easy: doubling 2x to 4x. Hard: 10x - 1x, 5x + 2x.","If 5×8 = 40, then 10×8 = 80. So 9×8 = 80 - 8 = 72. Now try 9×7.",Student explains how the new fact was derived.,Strongly reflects your times table pedagogy.
tt_division_links,Division links,Times Tables,Multiplication and division facts,Division links,Quiz; Worksheet; Interactive activity,5,Connect multiplication facts to related division facts.,Use when student knows times tables but struggles applying inverse division facts.,Target table(s); number of fact families; difficulty.,Fact-family questions linking multiplication and division.,Easy: same fact family. Hard: mixed tables and missing number.,"If 6×7=42, complete: 42÷6=__, 42÷7=__.",Student recalls inverse facts without counting.,Supports fractions and arithmetic fluency.
tt_timed_challenge,Timed challenge,Times Tables,Speed and automaticity,Timed challenge,Quiz; Interactive activity; Game,5,"Build automaticity through short, focused timed practice.",Use when facts are mostly secure and speed is the goal.,Target table(s); time limit; number of questions.,Timed set of multiplication/division questions.,Easy: 60 seconds one table. Hard: 60 seconds mixed facts.,"Answer as many as you can in 60 seconds: 7×3, 7×4, 7×5...",Student improves score or maintains accuracy under time pressure.,Can be delivered like Hit the Button style game later.
arith_fluency,Fluency questions,Arithmetic,Calculation fluency,Fluency questions,Worksheet; Quiz; Interactive activity,7,Practise accurate calculation with a specific method or skill.,Use after modelling a method and before problem solving.,Operation; year group; number range; method focus; number of questions.,A short set of calculation questions.,Easy: smaller numbers/no regrouping. Hard: larger numbers/regrouping/decimals.,Calculate: 342 + 156; 609 - 247; 24 × 3.,Student completes calculations accurately using an efficient method.,Good core arithmetic template.
arith_worked_example,Worked example,Arithmetic,Modelled calculation strategy,Worked example,Worksheet; Tutor-led; Interactive activity,7,Show a clear model before asking the student to try similar questions.,Use when introducing or revisiting a method.,Skill; method; example numbers; common misconception.,"One worked example, one partially completed example, and one independent question.",Easy: lots of steps shown. Hard: fewer prompts and larger numbers.,Worked: 48 ÷ 4 = 12 because 40÷4=10 and 8÷4=2. Try 84÷4.,Student follows the example and applies the method to a new question.,Excellent for reducing cognitive load.
arith_error_spotting,Error spotting,Arithmetic,Misconception checking,Error spotting,Worksheet; Quiz; Discussion,7,Help students identify and correct common calculation mistakes.,Use after a misconception has appeared in tutoring or completion data.,Skill; common error; worked incorrect example; correct method.,"Incorrect solution with prompts: find the mistake, explain it, correct it.",Easy: obvious arithmetic error. Hard: method error or multi-step reasoning.,Alex says 304 - 178 = 234. Find the mistake and correct it.,Student explains the error and completes the correct solution.,Great for diagnostic practice.
arith_independent,Independent practice,Arithmetic,Independent application,Independent practice,Worksheet; Quiz,10,Give students independent practice after support and modelling.,Use when the student is ready to practise without step-by-step scaffolding.,Skill; number range; number of questions; challenge level.,A set of independent questions with optional challenge at end.,Easy: similar questions. Hard: mixed question types.,"Complete independently: 36÷3, 48÷4, 84÷7, 96÷8.",Student completes most questions without adult support.,Good Session 4 style activity.
arith_word_questions,Word questions,Arithmetic,Applying arithmetic in context,Word questions,Worksheet; Interactive activity,10,Practise choosing and applying the right operation from a word problem.,Use once the calculation skill is fairly secure.,Skill/operation; context/theme; number range; reading level.,3–5 short word problems.,Easy: operation obvious. Hard: irrelevant information or larger numbers.,There are 6 bags with 8 apples in each. How many apples altogether?,Student identifies the operation and solves accurately.,Can personalise contexts to student interests.
arith_two_step,2-step problems,Arithmetic,Multi-step reasoning,2-step problems,Worksheet; Interactive activity,10,Practise solving problems that require two operations or stages.,Use when student can solve single-step problems but rushes multi-step reasoning.,Operations; topic context; number range; scaffold level.,A short set of two-step problems with space for working.,Easy: question prompts both steps. Hard: student must infer both steps.,Lena buys 3 packs of 6 stickers and gives 5 away. How many are left?,Student identifies both steps and records working clearly.,Important for upper KS2.
arith_missing_number,Missing number problems,Arithmetic,Algebraic thinking,Missing number problems,Worksheet; Quiz; Interactive activity,7,Develop flexible thinking and inverse operation understanding.,Use when student needs more than procedural calculation.,Operation; number range; equation format; difficulty.,Missing-number equations with increasing complexity.,Easy: __ + 7 = 15. Hard: 3 × __ + 4 = 25.,Complete: __ + 38 = 92; 7 × __ = 56; 100 - __ = 37.,Student uses inverse operations rather than guessing.,Good bridge to algebra.
arith_practical,"Practical measuring, money and time problems",Arithmetic,Real-world application,Practical problems,Worksheet; Interactive activity; Practical task,10,"Apply arithmetic to everyday contexts like measure, money and time.",Use to make maths more meaningful or practise applied reasoning.,Topic: measure/money/time; year group; units; context.,Short practical or scenario-based questions.,"Easy: whole pounds/minutes/cm. Hard: conversions, change, elapsed time.",A film starts at 2:15 and lasts 45 minutes. What time does it finish?,"Student selects relevant information, units and operation.",Useful for tutoring students who need functional maths practice.
writing_sentence_improvement,Sentence improvement,Writing,Sentence quality,Sentence improvement,Worksheet; Interactive activity,10,"Improve boring or unclear sentences using detail, precision and structure.",Use when student writes basic sentences and needs development.,Sentence topic; target feature; year group; examples of desired improvement.,A weak sentence with prompts to improve it.,Easy: add adjectives/adverbs. Hard: vary clauses or sentence openings.,"Improve: The dog ran. Add detail about where, how and why.","Student writes a clearer, more detailed sentence.",Good for creative or persuasive writing.
writing_punctuation,Punctuation correction,Writing,Grammar and punctuation accuracy,Punctuation correction,Worksheet; Quiz; Interactive activity,7,Practise spotting and correcting punctuation errors.,Use when student knows rules but forgets in writing.,Target punctuation; sentence difficulty; number of items.,Sentences with missing or incorrect punctuation to correct.,"Easy: capital letters/full stops. Hard: commas, speech marks, apostrophes.",Correct: when tom shouted stop everyone turned around,Student corrects punctuation accurately and can explain one change.,Can be quick retrieval practice.
writing_vocab_upgrade,Vocabulary upgrade,Writing,Vocabulary choice,Vocabulary upgrade,Worksheet; Interactive activity,7,Encourage precise and ambitious word choice.,Use when student repeats simple vocabulary or needs stronger description/persuasion.,Target boring words; context; tone; year group.,A list of weak words/sentences to improve with better vocabulary.,Easy: choose from word bank. Hard: generate own alternatives.,"Replace “nice” in: It was a nice day. Choose: pleasant, peaceful, glorious, ordinary.",Student selects vocabulary that fits the meaning and tone.,Works well with persuasive writing lessons.
writing_sentence_combining,Sentence combining,Writing,Complex sentence construction,Sentence combining,Worksheet; Interactive activity,10,Develop sentence control by combining simple sentences.,Use when student writes short repetitive sentences.,Pair/group of simple sentences; conjunctions/relative clauses to practise.,Several simple sentence pairs to combine into stronger sentences.,"Easy: use and/but/because. Hard: relative clauses, subordinate clauses.",Combine: The museum was huge. It had dinosaur bones. → The museum was huge and had dinosaur bones.,Student combines sentences without losing meaning or creating errors.,Very useful for Year 7 writing too.
writing_editing,Editing task,Writing,Proofreading and revision,Editing task,Worksheet; Interactive activity,10,Practise improving a short piece of writing by finding errors and weak spots.,Use when student needs editing habits and attention to accuracy.,Short paragraph; target errors; year group; editing focus.,A paragraph with specific things to find and improve.,"Easy: 5 obvious errors. Hard: mixed grammar, punctuation and clarity issues.",Edit this paragraph. Find 3 punctuation errors and improve one weak sentence.,"Student identifies and corrects errors, not just rewrites randomly.",Can later support AI feedback loops.
writing_grammar_questions,Grammar questions,Writing,Grammar knowledge,Grammar questions,Quiz; Worksheet; Interactive activity,7,Practise identifying word classes and grammar features.,Use for grammar retrieval or exam-style practice.,Grammar focus: noun/verb/adjective/adverb etc.; sentence level; difficulty.,Short sentences with questions asking student to identify grammar features.,"Easy: identify nouns/verbs. Hard: clauses, determiners, adverbials.","In this sentence, circle the adjective: The fierce dragon slept quietly.",Student identifies target grammar features accurately.,Good short activity for grammar tutoring.
writing_tense_rewrite,Rewrite the sentence in a new tense,Writing,Verb tense control,Tense rewrite,Worksheet; Quiz; Interactive activity,7,Practise controlling verb tense and rewriting accurately.,Use when student shifts tense inconsistently or needs grammar practice.,Original sentences; target tense; year group; difficulty.,Sentences to rewrite from present to past/future or vice versa.,Easy: simple verbs. Hard: irregular verbs and multi-clause sentences.,Rewrite in the past tense: The boy runs to the shop. → The boy ran to the shop.,Student changes tense accurately while keeping meaning.,Good grammar-to-writing bridge.
writing_punctuation_fix_it,Punctuation Fix-It,Writing,Punctuation,Correction task,Worksheet; interactive activity; quiz,5,Practise spotting and correcting missing punctuation.,"Use when a student forgets full stops, capital letters, question marks, commas or apostrophes.",Target punctuation marks; student ability level; topic or sentence theme.,5-8 sentences with missing or incorrect punctuation. Student rewrites or corrects each sentence.,"Easier: full stops and capital letters only. Harder: commas, apostrophes, speech marks or mixed punctuation.",where is my pencil → Where is my pencil?,Student corrects most sentences accurately and can explain at least one correction.,Designed to be completed independently. A reminder rule can be shown before the task.
writing_capital_letter_hunt,Capital Letter Hunt,Writing,Punctuation,Editing task,Worksheet; interactive activity,5,"Reinforce capital letters for sentence starts, names, places, days, months and I.",Use when a student uses capital letters inconsistently.,Short passage topic; names or proper nouns to include; difficulty level.,A short passage with missing capital letters. Student identifies and corrects them.,"Easier: sentence starts and names. Harder: places, days, months, titles and the pronoun I.","on monday, sara went to london. → On Monday, Sara went to London.",Student finds and corrects most missing capital letters.,Works well as a quick editing warm-up.
writing_apostrophe_choice,Apostrophe Choice,Writing,Punctuation,Multiple choice; fill the gap,Worksheet; interactive activity; quiz,5,Practise apostrophes for contraction and possession.,"Use when a student confuses contractions, possession, plurals or apostrophe placement.","Focus type: contraction, possession or mixed; example words; sentence context.",5-8 sentences where the student chooses or writes the correct apostrophe form.,Easier: contractions only. Harder: singular and plural possession mixed together.,"The ___ tail was fluffy. Options: cats, cat's, cats'",Student chooses the correct apostrophe form in most examples.,May need a short rule box before the task.
writing_speech_punctuation_builder,Speech Punctuation Builder,Writing,Punctuation,Sentence correction,Worksheet; interactive activity,5,Practise punctuating direct speech accurately.,Use when a student is learning inverted commas and punctuation around speech.,Character names; simple dialogue lines; difficulty level.,3-5 sentences of direct speech with missing punctuation. Student rewrites them correctly.,Easier: speech tag at the end. Harder: speech tag at the start or in the middle.,"I am ready said Tom → ""I am ready,"" said Tom.",Student places inverted commas and speech punctuation correctly in most examples.,Works best with one worked example shown first.
writing_comma_check,Comma Check,Writing,Punctuation,Correction task,Worksheet; interactive activity; quiz,5,"Practise using commas accurately in lists, after fronted adverbials or to separate clauses.",Use when a student overuses commas or forgets them.,Comma focus; sentence topic; difficulty level.,5-8 sentences where the student adds commas where needed.,"Easier: commas in lists. Harder: fronted adverbials, embedded clauses or mixed comma use.","After lunch we went outside. → After lunch, we went outside.",Student adds commas accurately and avoids adding unnecessary commas.,A reminder rule should be included before the questions.
writing_spot_the_word_class,Spot the Word Class,Writing,Grammar,Identification task,Worksheet; interactive activity; quiz,5,"Practise identifying nouns, verbs, adjectives, adverbs and other word classes.",Use when a student needs grammar terminology practice.,Target word classes; sentence difficulty; topic.,"5 sentences. Student highlights, selects or writes the target word classes.",Easier: one word class at a time. Harder: mixed word classes in longer sentences.,"The enormous dog barked loudly. Find the adjective, noun, verb and adverb.",Student identifies the target word classes accurately.,Good quick retrieval activity for grammar terms.
writing_tense_transformer,Tense Transformer,Writing,Grammar,Rewrite task,Worksheet; interactive activity,5,Practise rewriting sentences in a different tense.,"Use when a student needs work on past, present or future tense.",Original sentences; target tense; topic; difficulty level.,5 sentences to rewrite in the requested tense.,Easier: simple present to simple past. Harder: progressive or perfect tense forms.,She walks to school. → She walked to school.,Student rewrites sentences accurately while keeping the meaning clear.,Useful for students who confuse tense consistency in writing.
writing_choose_conjunction,Choose the Best Conjunction,Writing,Grammar,Multiple choice,Worksheet; interactive activity; quiz,5,Practise selecting the most appropriate conjunction to show the relationship between ideas.,"Use when a student can write simple sentences but needs support choosing accurate conjunctions such as because, although, while, but, so and however.",Sentence stems; target conjunctions; difficulty level; topic or context.,5-8 sentences with a gap and 3-4 conjunction options. Student chooses the best conjunction for each sentence.,"Easier: use common conjunctions such as and, but, because, so. Harder: include although, however, while, whereas, despite and conjunctions where more than one answer seems possible but one is best.","I wanted to play outside, ___ it was raining. Options: because, but, although, so. Best answer: but.",Student chooses the most appropriate conjunction in most examples and can explain how one conjunction changes the meaning.,Good bridge between grammar practice and sentence improvement. Could later include a short explanation prompt: “Why is this conjunction the best choice?”
writing_grammar_fix_it,Grammar Fix-It,Writing,Grammar,Correction task,Worksheet; interactive activity; quiz,5,Practise identifying and correcting grammar errors.,Use when a student writes unclear or ungrammatical sentences.,Error types; sentence topic; difficulty level.,5 incorrect sentences. Student corrects each one.,Easier: one error per sentence. Harder: mixed grammar errors.,She were happy. → She was happy.,Student corrects most errors while keeping the sentence meaning clear.,Works well as a short editing task before independent writing.
